,nome,DURACAO,tempo,MODOPRIN,diferenca,diferenca_por,tempo_open
461,449,10.0,14.9,bike,4.9,49.00000000000001,415.9
143,450,10.0,6.033333333333333,bike,3.966666666666667,39.666666666666664,579.1
200,451,10.0,7.283333333333333,bike,2.716666666666667,27.166666666666668,415.9
364,452,10.0,11.6,bike,1.5999999999999996,15.999999999999998,579.1
101,453,10.0,4.866666666666666,bike,5.133333333333334,51.33333333333334,209.1
135,454,10.0,5.866666666666666,bike,4.133333333333334,41.333333333333336,509.4
38,455,10.0,2.3833333333333333,bike,7.616666666666667,76.16666666666667,209.1
318,456,10.0,10.4,bike,0.40000000000000036,4.0000000000000036,509.4
476,457,10.0,15.366666666666667,bike,5.366666666666667,53.66666666666667,415.9
370,458,10.0,11.766666666666667,bike,1.7666666666666675,17.666666666666675,579.1
103,459,10.0,4.866666666666666,bike,5.133333333333334,51.33333333333334,209.1
334,460,10.0,10.7,bike,0.6999999999999993,6.999999999999992,509.4
102,461,10.0,4.866666666666666,bike,5.133333333333334,51.33333333333334,209.1
335,462,10.0,10.733333333333333,bike,0.7333333333333325,7.333333333333325,509.4
404,900,15.0,12.916666666666666,bike,2.083333333333334,13.888888888888893,399.4
256,901,15.0,8.783333333333333,bike,6.216666666666667,41.44444444444444,360.4
521,904,15.0,16.933333333333334,bike,1.9333333333333336,12.888888888888891,607.1
469,905,15.0,15.133333333333333,bike,0.13333333333333286,0.8888888888888857,584.4
817,1011,45.0,60.13333333333333,bike,15.133333333333333,33.629629629629626,2345.8
819,1012,120.0,61.05,bike,58.95,49.125,2206.5
524,1102,10.0,17.05,bike,7.050000000000001,70.5,500.2
431,1103,15.0,13.8,bike,1.1999999999999993,7.999999999999995,486.9
422,1354,20.0,13.583333333333334,bike,6.416666666666666,32.08333333333333,483.2
436,1355,20.0,14.05,bike,5.949999999999999,29.75,562.7
462,1637,10.0,14.9,bike,4.9,49.00000000000001,393.0
410,1638,10.0,13.283333333333333,bike,3.283333333333333,32.83333333333333,311.4
508,1796,10.0,16.616666666666667,bike,6.616666666666667,66.16666666666667,528.8
402,1797,10.0,12.816666666666666,bike,2.8166666666666664,28.16666666666666,444.9
424,1857,35.0,13.6,bike,21.4,61.142857142857146,965.6
276,1858,15.0,9.2,bike,5.800000000000001,38.66666666666667,886.3
483,1996,20.0,15.641666666666666,bike,4.358333333333334,21.79166666666667,744.0
511,1997,15.0,16.65833333333333,bike,1.6583333333333314,11.055555555555543,613.6
127,2187,10.0,5.533333333333333,bike,4.466666666666667,44.666666666666664,240.9
106,2188,10.0,4.933333333333334,bike,5.066666666666666,50.66666666666666,319.2
44,2189,5.0,2.5833333333333335,bike,2.4166666666666665,48.33333333333333,297.8
296,2190,10.0,9.883333333333333,bike,0.11666666666666714,1.1666666666666714,478.7
160,2445,15.0,6.566666666666666,bike,8.433333333333334,56.22222222222223,459.3
122,2446,20.0,5.366666666666666,bike,14.633333333333333,73.16666666666667,416.2
78,2489,10.0,3.95,bike,6.05,60.5,364.8
26,2490,10.0,1.9666666666666666,bike,8.033333333333333,80.33333333333333,172.4
89,2495,15.0,4.4,bike,10.6,70.66666666666667,364.8
51,2496,10.0,2.85,bike,7.15,71.50000000000001,172.4
12,2502,3.0,1.3666666666666667,bike,1.6333333333333333,54.44444444444444,165.1
11,2503,3.0,1.3666666666666667,bike,1.6333333333333333,54.44444444444444,7.4
19,2506,5.0,1.8333333333333335,bike,3.1666666666666665,63.33333333333333,79.0
138,2507,5.0,5.9,bike,0.9000000000000004,18.000000000000007,184.9
15,2508,5.0,1.725,bike,3.275,65.5,79.0
176,2509,5.0,6.875,bike,1.875,37.5,184.9
81,2516,10.0,4.033333333333333,bike,5.966666666666667,59.66666666666667,340.5
70,2517,15.0,3.783333333333333,bike,11.216666666666667,74.77777777777777,211.7
110,2729,20.0,4.983333333333333,bike,15.016666666666666,75.08333333333333,624.9
187,2730,20.0,7.116666666666666,bike,12.883333333333333,64.41666666666667,599.0
229,2800,15.0,8.083333333333332,bike,6.916666666666668,46.11111111111112,580.6
204,2801,15.0,7.383333333333333,bike,7.616666666666667,50.77777777777778,554.3
35,2813,10.0,2.2750000000000004,bike,7.725,77.25,129.6
55,2814,10.0,3.0,bike,7.0,70.0,146.6
85,2815,10.0,4.216666666666667,bike,5.783333333333333,57.833333333333336,279.6
14,2816,10.0,1.625,bike,8.375,83.75,129.6
39,2817,15.0,2.408333333333333,bike,12.591666666666667,83.94444444444444,150.1
10,2818,10.0,1.2333333333333334,bike,8.766666666666666,87.66666666666666,131.3
31,2819,15.0,2.2,bike,12.8,85.33333333333334,144.2
17,2821,10.0,1.8,bike,8.2,82.0,129.6
53,2822,10.0,2.9166666666666665,bike,7.083333333333334,70.83333333333334,146.6
41,2824,15.0,2.466666666666667,bike,12.533333333333333,83.55555555555554,144.2
16,2825,10.0,1.8,bike,8.2,82.0,129.6
46,2826,15.0,2.6,bike,12.4,82.66666666666667,150.1
393,3092,15.0,12.383333333333333,bike,2.616666666666667,17.44444444444445,636.3
238,3093,15.0,8.3,bike,6.699999999999999,44.66666666666666,601.6
73,3094,15.0,3.8666666666666667,bike,11.133333333333333,74.22222222222223,213.7
194,3095,15.0,7.2,bike,7.8,52.0,649.0
203,3096,15.0,7.366666666666666,bike,7.633333333333334,50.88888888888889,601.6
137,3097,15.0,5.883333333333334,bike,9.116666666666667,60.777777777777786,259.8
432,3098,15.0,13.883333333333333,bike,1.1166666666666671,7.444444444444448,636.3
245,3099,15.0,8.483333333333333,bike,6.5166666666666675,43.44444444444445,729.3
670,3163,20.0,25.816666666666666,bike,5.816666666666666,29.083333333333332,855.7
645,3164,20.0,23.7,bike,3.6999999999999993,18.499999999999996,777.2
668,3165,25.0,25.791666666666668,bike,0.7916666666666679,3.166666666666671,855.7
646,3166,20.0,23.775,bike,3.7749999999999986,18.874999999999993,777.2
22,3187,10.0,1.875,bike,8.125,81.25,81.1
34,3188,10.0,2.2666666666666666,bike,7.733333333333333,77.33333333333333,174.4
86,3189,10.0,4.266666666666667,bike,5.733333333333333,57.333333333333336,192.3
92,3190,10.0,4.5,bike,5.5,55.00000000000001,185.5
90,3191,10.0,4.416666666666667,bike,5.583333333333333,55.833333333333336,168.8
96,3192,10.0,4.65,bike,5.35,53.49999999999999,219.9
661,3193,80.0,25.225,bike,54.775,68.46875,1515.7
599,3194,60.0,21.316666666666666,bike,38.68333333333334,64.47222222222223,1544.8
75,3430,10.0,3.8916666666666666,bike,6.108333333333333,61.083333333333336,303.8
62,3431,10.0,3.166666666666667,bike,6.833333333333333,68.33333333333333,282.4
56,3531,10.0,3.0,bike,7.0,70.0,180.4
13,3532,10.0,1.4833333333333334,bike,8.516666666666666,85.16666666666666,86.4
325,4175,10.0,10.516666666666666,bike,0.5166666666666657,5.166666666666657,462.5
407,4176,10.0,13.083333333333334,bike,3.083333333333334,30.83333333333334,534.2
277,4177,10.0,9.258333333333333,bike,0.7416666666666671,7.416666666666671,462.5
337,4178,10.0,10.766666666666666,bike,0.7666666666666657,7.666666666666658,534.2
248,4343,5.0,8.533333333333333,bike,3.533333333333333,70.66666666666667,312.3
151,4344,5.0,6.316666666666666,bike,1.3166666666666664,26.333333333333332,308.6
292,4345,10.0,9.783333333333333,bike,0.21666666666666679,2.166666666666668,347.3
412,4433,30.0,13.308333333333334,bike,16.691666666666666,55.63888888888889,860.4
520,4434,40.0,16.925,bike,23.075,57.6875,802.2
474,4456,30.0,15.333333333333334,bike,14.666666666666666,48.888888888888886,702.6
535,4457,30.0,17.6,bike,12.399999999999999,41.33333333333333,683.6
136,4736,10.0,5.883333333333334,bike,4.116666666666666,41.166666666666664,461.7
246,4737,10.0,8.516666666666667,bike,1.4833333333333325,14.833333333333327,437.5
152,4738,10.0,6.366666666666666,bike,3.6333333333333337,36.33333333333334,461.7
351,4739,10.0,11.083333333333334,bike,1.083333333333334,10.83333333333334,437.5
778,5008,40.0,41.416666666666664,bike,1.4166666666666643,3.541666666666661,1750.9
551,5009,35.0,18.5,bike,16.5,47.14285714285714,1666.9
620,5372,20.0,22.616666666666667,bike,2.616666666666667,13.083333333333336,617.4
660,5373,20.0,25.083333333333332,bike,5.083333333333332,25.41666666666666,693.7
789,5374,15.0,44.583333333333336,bike,29.583333333333336,197.22222222222223,1008.5
824,5477,90.0,68.09166666666667,bike,21.90833333333333,24.34259259259259,2395.8
815,5478,70.0,59.86666666666667,bike,10.133333333333333,14.476190476190476,2480.7
715,6135,30.0,29.566666666666666,bike,0.43333333333333357,1.4444444444444453,1315.8
732,6136,30.0,31.566666666666666,bike,1.5666666666666664,5.222222222222221,1210.8
488,6963,15.0,15.733333333333333,bike,0.7333333333333325,4.888888888888884,859.2
509,6964,15.0,16.633333333333333,bike,1.6333333333333329,10.888888888888886,960.8
249,7091,5.0,8.566666666666666,bike,3.5666666666666664,71.33333333333333,247.6
133,7092,7.0,5.7,bike,1.2999999999999998,18.57142857142857,372.8
772,7283,30.0,40.266666666666666,bike,10.266666666666666,34.22222222222222,1192.0
784,7286,35.0,42.74166666666667,bike,7.741666666666667,22.11904761904762,1304.5
804,7568,30.0,53.65,bike,23.65,78.83333333333333,1738.3
795,7569,30.0,47.7,bike,17.700000000000003,59.00000000000001,1739.9
475,7584,15.0,15.35,bike,0.34999999999999964,2.333333333333331,549.3
649,7585,15.0,24.133333333333333,bike,9.133333333333333,60.88888888888888,657.7
310,7867,30.0,10.25,bike,19.75,65.83333333333333,335.1
457,7868,40.0,14.6,bike,25.4,63.5,418.9
153,7869,5.0,6.416666666666667,bike,1.416666666666667,28.33333333333334,253.7
69,7870,10.0,3.783333333333333,bike,6.216666666666667,62.16666666666667,165.0
139,8092,10.0,5.95,bike,4.05,40.5,119.1
472,8093,20.0,15.275,bike,4.725,23.625,522.9
515,8094,20.0,16.8,bike,3.1999999999999993,15.999999999999998,587.5
572,8111,45.0,19.75,bike,25.25,56.111111111111114,654.5
585,8112,40.0,20.241666666666667,bike,19.758333333333333,49.395833333333336,658.7
237,8394,15.0,8.275,bike,6.725,44.83333333333333,636.4
218,8395,5.0,7.775,bike,2.7750000000000004,55.50000000000001,342.0
125,8396,10.0,5.45,bike,4.55,45.49999999999999,171.2
272,8397,15.0,9.108333333333334,bike,5.891666666666666,39.27777777777777,562.3
609,8901,25.0,21.766666666666666,bike,3.2333333333333343,12.933333333333339,917.3
447,8902,25.0,14.233333333333333,bike,10.766666666666667,43.06666666666667,979.5
417,9116,35.0,13.433333333333334,bike,21.566666666666666,61.61904761904762,970.3
530,9609,15.0,17.35,bike,2.3500000000000014,15.666666666666677,511.2
330,9610,15.0,10.65,bike,4.35,28.999999999999996,456.8
468,9904,15.0,15.133333333333333,bike,0.13333333333333286,0.8888888888888857,617.9
470,9905,15.0,15.166666666666666,bike,0.16666666666666607,1.1111111111111072,567.5
758,9973,35.0,37.516666666666666,bike,2.5166666666666657,7.190476190476187,2064.2
752,9974,50.0,36.55,bike,13.450000000000003,26.900000000000006,2060.9
49,10088,10.0,2.725,bike,7.275,72.75,100.8
77,10089,10.0,3.9416666666666664,bike,6.058333333333334,60.583333333333336,239.8
796,10833,30.0,47.94166666666666,bike,17.941666666666663,59.80555555555554,1344.6
768,10836,40.0,39.3,bike,0.7000000000000028,1.750000000000007,1231.5
650,11229,30.0,24.266666666666666,bike,5.733333333333334,19.111111111111114,1449.0
610,11230,45.0,21.85,bike,23.15,51.444444444444436,1497.1
547,11241,30.0,18.216666666666665,bike,11.783333333333335,39.277777777777786,1588.9
558,11242,50.0,18.916666666666668,bike,31.083333333333332,62.16666666666666,1651.9
145,11243,15.0,6.083333333333333,bike,8.916666666666668,59.44444444444446,413.0
519,11679,50.0,16.916666666666664,bike,33.083333333333336,66.16666666666667,1548.6
648,11680,75.0,23.841666666666665,bike,51.15833333333333,68.21111111111111,1942.2
368,11681,15.0,11.708333333333332,bike,3.291666666666668,21.944444444444454,615.3
679,12212,30.0,26.866666666666667,bike,3.133333333333333,10.444444444444443,1688.0
741,12215,30.0,33.78333333333333,bike,3.7833333333333314,12.611111111111104,1442.4
348,12304,20.0,10.916666666666666,bike,9.083333333333334,45.41666666666667,654.4
223,12307,20.0,7.883333333333334,bike,12.116666666666667,60.583333333333336,591.2
518,12326,30.0,16.9,bike,13.100000000000001,43.66666666666667,962.1
578,12329,30.0,19.983333333333334,bike,10.016666666666666,33.388888888888886,1037.4
448,12927,10.0,14.333333333333334,bike,4.333333333333334,43.33333333333334,430.5
341,12928,10.0,10.8,bike,0.8000000000000007,8.000000000000007,332.1
333,13514,20.0,10.7,bike,9.3,46.5,382.9
54,13515,5.0,2.9166666666666665,bike,2.0833333333333335,41.66666666666667,111.1
239,13516,10.0,8.316666666666666,bike,1.6833333333333336,16.833333333333336,271.9
240,13523,10.0,8.325,bike,1.6750000000000007,16.750000000000007,271.9
549,13559,25.0,18.383333333333333,bike,6.616666666666667,26.466666666666665,1027.8
501,13560,25.0,16.366666666666667,bike,8.633333333333333,34.53333333333333,1006.2
471,13631,50.0,15.25,bike,34.75,69.5,1271.2
443,13632,45.0,14.133333333333333,bike,30.866666666666667,68.5925925925926,1148.4
444,13637,50.0,14.175,bike,35.825,71.65,1271.2
571,13638,45.0,19.59166666666667,bike,25.40833333333333,56.46296296296296,1148.4
562,14481,90.0,19.133333333333333,bike,70.86666666666667,78.74074074074075,1400.3
516,14482,30.0,16.875,bike,13.125,43.75,1605.9
36,14809,10.0,2.3083333333333336,bike,7.691666666666666,76.91666666666667,271.0
33,14810,10.0,2.2583333333333333,bike,7.741666666666667,77.41666666666667,296.1
232,15500,20.0,8.133333333333333,bike,11.866666666666667,59.333333333333336,480.3
149,15501,20.0,6.266666666666667,bike,13.733333333333334,68.66666666666667,387.0
247,15502,20.0,8.525,bike,11.475,57.375,480.3
209,15503,20.0,7.541666666666666,bike,12.458333333333334,62.291666666666664,387.0
430,15807,15.0,13.8,bike,1.1999999999999993,7.999999999999995,788.8
498,15808,10.0,16.15,bike,6.149999999999999,61.499999999999986,620.7
297,16822,10.0,9.95,bike,0.05000000000000071,0.5000000000000071,252.1
210,16823,10.0,7.566666666666666,bike,2.4333333333333336,24.333333333333336,242.1
438,17784,45.0,14.083333333333334,bike,30.916666666666664,68.7037037037037,500.5
559,17785,60.0,18.966666666666665,bike,41.03333333333333,68.38888888888889,680.7
221,17786,5.0,7.833333333333333,bike,2.833333333333333,56.666666666666664,358.0
453,17921,15.0,14.483333333333333,bike,0.5166666666666675,3.44444444444445,494.2
542,17922,15.0,17.85,bike,2.8500000000000014,19.000000000000007,554.2
807,18199,30.0,55.29166666666667,bike,25.29166666666667,84.30555555555557,1869.9
805,18200,40.0,54.5,bike,14.5,36.25,1936.1
527,18672,20.0,17.283333333333335,bike,2.716666666666665,13.583333333333325,853.8
392,18673,20.0,12.383333333333333,bike,7.616666666666667,38.083333333333336,878.5
326,18826,20.0,10.541666666666668,bike,9.458333333333332,47.29166666666666,409.7
309,18827,20.0,10.216666666666665,bike,9.783333333333335,48.91666666666667,378.6
253,19028,15.0,8.683333333333334,bike,6.316666666666666,42.11111111111111,258.8
390,19029,25.0,12.35,bike,12.65,50.6,306.0
710,19450,25.0,29.05,bike,4.050000000000001,16.200000000000003,1052.0
712,19451,25.0,29.05,bike,4.050000000000001,16.200000000000003,1046.5
803,19944,40.0,53.24166666666667,bike,13.241666666666667,33.10416666666667,1666.2
780,19945,30.0,41.975,bike,11.975000000000001,39.91666666666667,1398.3
525,20037,30.0,17.225,bike,12.774999999999999,42.58333333333333,1000.9
545,20038,30.0,18.1,bike,11.899999999999999,39.666666666666664,1080.2
592,20039,30.0,20.8,bike,9.2,30.666666666666664,1000.9
580,20040,30.0,20.041666666666668,bike,9.958333333333332,33.19444444444444,1080.2
548,20262,30.0,18.366666666666667,bike,11.633333333333333,38.77777777777778,1192.5
678,20263,30.0,26.85,bike,3.1499999999999986,10.499999999999995,1338.4
730,21206,20.0,31.458333333333336,bike,11.458333333333336,57.29166666666667,1262.1
733,21207,20.0,31.666666666666664,bike,11.666666666666664,58.33333333333333,1065.1
793,21788,31.0,47.38333333333333,bike,16.383333333333333,52.84946236559139,1527.7
798,21791,35.0,48.06666666666667,bike,13.06666666666667,37.33333333333334,1422.1
481,22002,30.0,15.6,bike,14.4,48.00000000000001,553.7
522,22003,20.0,17.0,bike,3.0,15.0,583.5
567,22419,10.0,19.316666666666666,bike,9.316666666666666,93.16666666666666,529.2
647,22468,20.0,23.8,bike,3.8000000000000007,19.000000000000004,1051.7
703,22469,20.0,28.5,bike,8.5,42.5,771.5
687,22754,15.0,27.666666666666668,bike,12.666666666666668,84.44444444444446,755.5
691,22755,15.0,27.9,bike,12.899999999999999,85.99999999999999,761.3
576,22978,15.0,19.95,bike,4.949999999999999,32.99999999999999,451.9
489,22979,15.0,15.85,bike,0.8499999999999996,5.666666666666664,429.6
575,22980,15.0,19.95,bike,4.949999999999999,32.99999999999999,451.9
490,22981,20.0,15.85,bike,4.15,20.75,429.6
766,23150,30.0,39.05,bike,9.049999999999997,30.166666666666657,1388.8
762,23151,30.0,38.599999999999994,bike,8.599999999999994,28.666666666666647,1474.2
342,23483,10.0,10.8,bike,0.8000000000000007,8.000000000000007,430.9
281,23484,15.0,9.458333333333332,bike,5.541666666666668,36.94444444444445,510.8
286,23486,10.0,9.616666666666667,bike,0.38333333333333286,3.833333333333329,430.9
328,23487,15.0,10.591666666666667,bike,4.408333333333333,29.388888888888886,510.8
382,23562,30.0,12.133333333333333,bike,17.866666666666667,59.555555555555564,840.9
375,23563,30.0,11.925,bike,18.075,60.24999999999999,790.5
116,23668,10.0,5.133333333333334,bike,4.866666666666666,48.666666666666664,276.8
142,23669,10.0,5.983333333333333,bike,4.016666666666667,40.166666666666664,333.0
94,23670,10.0,4.533333333333333,bike,5.466666666666667,54.666666666666664,276.8
100,23671,10.0,4.8583333333333325,bike,5.1416666666666675,51.41666666666668,333.0
91,23873,30.0,4.45,bike,25.55,85.16666666666667,292.1
68,23874,30.0,3.7666666666666666,bike,26.233333333333334,87.44444444444444,338.1
87,23875,30.0,4.383333333333333,bike,25.616666666666667,85.38888888888889,292.1
117,23876,30.0,5.175,bike,24.825,82.75,338.1
98,23878,30.0,4.75,bike,25.25,84.16666666666667,292.1
99,23879,30.0,4.85,bike,25.15,83.83333333333333,338.1
298,24114,30.0,9.95,bike,20.05,66.83333333333333,703.6
421,24115,30.0,13.575,bike,16.425,54.75,730.1
113,24169,10.0,5.058333333333334,bike,4.941666666666666,49.416666666666664,346.2
128,24170,10.0,5.566666666666666,bike,4.433333333333334,44.333333333333336,387.7
464,24218,30.0,14.991666666666667,bike,15.008333333333333,50.02777777777777,1255.1
622,24221,30.0,22.625,bike,7.375,24.583333333333332,1142.5
409,24271,20.0,13.283333333333333,bike,6.716666666666667,33.58333333333333,967.0
526,24272,30.0,17.28333333333333,bike,12.716666666666669,42.38888888888889,1107.6
20,24316,10.0,1.85,bike,8.15,81.5,152.1
66,24317,10.0,3.675,bike,6.325,63.25000000000001,273.1
27,24318,10.0,2.0083333333333333,bike,7.991666666666667,79.91666666666667,152.1
76,24319,10.0,3.9333333333333336,bike,6.066666666666666,60.66666666666667,273.1
568,24372,30.0,19.4,bike,10.600000000000001,35.333333333333336,647.0
593,24375,30.0,20.90833333333333,bike,9.091666666666669,30.305555555555564,707.7
675,24469,30.0,26.516666666666666,bike,3.4833333333333343,11.611111111111114,880.0
788,24472,30.0,44.483333333333334,bike,14.483333333333334,48.27777777777778,921.9
486,24633,15.0,15.683333333333334,bike,0.6833333333333336,4.555555555555557,589.8
566,24634,10.0,19.299999999999997,bike,9.299999999999997,92.99999999999997,519.8
64,24635,5.0,3.533333333333333,bike,1.4666666666666668,29.333333333333332,120.0
786,24694,35.0,44.141666666666666,bike,9.141666666666666,26.119047619047613,1566.0
791,24697,35.0,46.675,bike,11.674999999999997,33.35714285714285,1687.2
3,24821,5.0,0.7333333333333333,bike,4.266666666666667,85.33333333333333,7.0
4,24822,5.0,0.7333333333333333,bike,4.266666666666667,85.33333333333333,7.0
633,24858,20.0,23.3,bike,3.3000000000000007,16.500000000000004,916.4
618,24861,25.0,22.358333333333334,bike,2.6416666666666657,10.566666666666663,889.4
658,24894,20.0,25.025,bike,5.024999999999999,25.124999999999993,849.1
754,24895,20.0,36.975,bike,16.975,84.87500000000001,857.1
426,25080,15.0,13.7,bike,1.3000000000000007,8.666666666666671,450.9
465,25081,20.0,15.033333333333333,bike,4.966666666666667,24.833333333333336,519.3
510,25229,12.0,16.633333333333333,bike,4.633333333333333,38.61111111111111,507.9
497,25232,12.0,16.133333333333333,bike,4.133333333333333,34.444444444444436,479.6
141,25395,5.0,5.983333333333333,bike,0.9833333333333334,19.666666666666668,193.9
115,25396,5.0,5.116666666666666,bike,0.11666666666666625,2.333333333333325,160.0
185,25539,5.0,7.083333333333333,bike,2.083333333333333,41.666666666666664,218.8
118,25540,5.0,5.2,bike,0.20000000000000018,4.0000000000000036,186.4
731,25780,40.0,31.458333333333336,bike,8.541666666666664,21.35416666666666,1323.1
653,25781,40.0,24.383333333333333,bike,15.616666666666667,39.04166666666667,1293.8
800,25787,75.0,51.61666666666667,bike,23.383333333333333,31.177777777777777,3352.5
802,25790,75.0,52.95,bike,22.049999999999997,29.4,3335.9
600,26006,30.0,21.375,bike,8.625,28.749999999999996,1347.0
8,26200,5.0,1.1416666666666666,bike,3.8583333333333334,77.16666666666667,173.8
7,26201,5.0,1.0,bike,4.0,80.0,74.7
573,26518,25.0,19.85,bike,5.149999999999999,20.599999999999994,1092.2
594,26519,25.0,20.933333333333334,bike,4.066666666666666,16.266666666666666,1222.5
615,26522,25.0,22.216666666666665,bike,2.783333333333335,11.13333333333334,1104.7
561,26523,25.0,19.083333333333332,bike,5.916666666666668,23.66666666666667,1072.1
727,26721,30.0,31.275,bike,1.2749999999999986,4.249999999999996,953.3
769,26722,35.0,39.575,bike,4.575000000000003,13.071428571428578,1064.8
663,26739,30.0,25.475,bike,4.524999999999999,15.083333333333329,1093.1
735,26740,30.0,32.59166666666667,bike,2.5916666666666686,8.638888888888895,1090.0
707,26817,20.0,28.8,bike,8.8,44.00000000000001,933.6
583,26820,20.0,20.133333333333333,bike,0.13333333333333286,0.6666666666666643,774.4
685,27128,15.0,27.55,bike,12.55,83.66666666666667,836.1
634,27129,15.0,23.358333333333334,bike,8.358333333333334,55.72222222222223,919.2
419,27139,15.0,13.5,bike,1.5,10.0,638.1
446,27140,15.0,14.233333333333333,bike,0.7666666666666675,5.111111111111117,551.2
536,27369,15.0,17.733333333333334,bike,2.7333333333333343,18.22222222222223,726.0
534,27372,15.0,17.566666666666666,bike,2.5666666666666664,17.11111111111111,706.6
394,27381,15.0,12.516666666666667,bike,2.4833333333333325,16.55555555555555,599.0
346,27434,10.0,10.916666666666666,bike,0.9166666666666661,9.16666666666666,511.8
112,27437,10.0,5.033333333333333,bike,4.966666666666667,49.66666666666667,358.1
439,27438,10.0,14.1,bike,4.1,41.0,379.2
441,27440,10.0,14.116666666666667,bike,4.116666666666667,41.16666666666667,379.2
496,27464,25.0,16.03333333333333,bike,8.966666666666669,35.866666666666674,1164.3
301,27519,15.0,10.083333333333334,bike,4.916666666666666,32.77777777777777,389.0
284,27520,15.0,9.6,bike,5.4,36.00000000000001,537.3
205,27573,10.0,7.383333333333334,bike,2.6166666666666663,26.16666666666666,443.6
134,27574,10.0,5.775,bike,4.225,42.25,317.4
208,27575,10.0,7.508333333333333,bike,2.491666666666667,24.91666666666667,366.0
271,27578,10.0,9.108333333333334,bike,0.8916666666666657,8.916666666666657,399.8
477,27665,20.0,15.5,bike,4.5,22.5,522.3
454,27666,20.0,14.483333333333333,bike,5.5166666666666675,27.583333333333336,545.1
541,27824,10.0,17.85,bike,7.850000000000001,78.50000000000001,642.2
380,27825,10.0,12.008333333333333,bike,2.008333333333333,20.08333333333333,462.2
667,27985,25.0,25.783333333333335,bike,0.783333333333335,3.13333333333334,1067.2
749,27986,30.0,35.4,bike,5.399999999999999,17.999999999999996,1076.7
267,28034,5.0,9.016666666666667,bike,4.0166666666666675,80.33333333333334,389.7
266,28035,5.0,9.016666666666667,bike,4.0166666666666675,80.33333333333334,300.0
755,28153,30.0,37.05,bike,7.049999999999997,23.49999999999999,1169.7
739,28154,30.0,33.516666666666666,bike,3.5166666666666657,11.722222222222218,1178.0
794,28518,25.0,47.45,bike,22.450000000000003,89.80000000000001,1339.9
787,28519,30.0,44.35,bike,14.350000000000001,47.833333333333336,1314.4
785,28520,30.0,42.95,bike,12.950000000000003,43.16666666666668,1700.3
332,28521,10.0,10.7,bike,0.6999999999999993,6.999999999999992,405.2
283,28522,10.0,9.583333333333334,bike,0.4166666666666661,4.166666666666661,317.9
722,28525,25.0,30.216666666666665,bike,5.216666666666665,20.86666666666666,1103.8
705,28526,30.0,28.75,bike,1.25,4.166666666666666,1149.9
765,28600,40.0,38.99166666666667,bike,1.0083333333333329,2.520833333333332,1697.2
750,28603,40.0,35.416666666666664,bike,4.583333333333336,11.45833333333334,1645.2
182,28644,10.0,6.991666666666667,bike,3.008333333333333,30.08333333333333,285.4
291,28645,10.0,9.783333333333333,bike,0.21666666666666679,2.166666666666668,454.3
174,28646,10.0,6.85,bike,3.1500000000000004,31.500000000000007,285.4
295,28647,10.0,9.833333333333334,bike,0.16666666666666607,1.6666666666666607,454.3
108,28766,10.0,4.95,bike,5.05,50.5,457.3
157,28767,10.0,6.466666666666667,bike,3.533333333333333,35.333333333333336,402.9
676,29162,35.0,26.558333333333334,bike,8.441666666666666,24.119047619047617,1155.0
612,29297,15.0,21.941666666666666,bike,6.941666666666666,46.27777777777778,698.5
598,29300,25.0,21.1,bike,3.8999999999999986,15.599999999999994,778.9
320,29348,10.0,10.416666666666668,bike,0.41666666666666785,4.1666666666666785,301.1
165,29349,10.0,6.691666666666666,bike,3.3083333333333336,33.083333333333336,201.5
288,29350,10.0,9.658333333333333,bike,0.3416666666666668,3.416666666666668,301.1
131,29351,10.0,5.666666666666667,bike,4.333333333333333,43.33333333333333,201.5
781,29352,30.0,42.18333333333334,bike,12.183333333333337,40.61111111111113,1290.4
651,29353,30.0,24.275,bike,5.725000000000001,19.08333333333334,1378.6
322,29506,10.0,10.483333333333333,bike,0.4833333333333325,4.833333333333325,524.0
406,29507,15.0,13.083333333333334,bike,1.916666666666666,12.777777777777773,467.7
538,29508,20.0,17.783333333333335,bike,2.216666666666665,11.083333333333325,693.0
299,29509,15.0,10.016666666666667,bike,4.9833333333333325,33.222222222222214,462.4
418,29517,15.0,13.466666666666667,bike,1.5333333333333332,10.222222222222221,679.4
294,29518,30.0,9.833333333333334,bike,20.166666666666664,67.22222222222221,434.6
171,29877,15.0,6.783333333333333,bike,8.216666666666667,54.77777777777778,317.7
347,29878,15.0,10.916666666666666,bike,4.083333333333334,27.222222222222225,333.1
500,30460,30.0,16.366666666666667,bike,13.633333333333333,45.44444444444444,636.5
507,30461,30.0,16.6,bike,13.399999999999999,44.66666666666666,630.6
512,30463,30.0,16.716666666666665,bike,13.283333333333335,44.277777777777786,636.5
480,30464,30.0,15.583333333333334,bike,14.416666666666666,48.05555555555555,630.6
278,31031,30.0,9.283333333333333,bike,20.71666666666667,69.05555555555556,822.0
564,31184,30.0,19.28333333333333,bike,10.716666666666669,35.72222222222223,1070.9
657,31185,30.0,24.916666666666668,bike,5.083333333333332,16.94444444444444,872.1
408,31186,10.0,13.2,bike,3.1999999999999993,31.999999999999996,622.6
546,31187,10.0,18.191666666666666,bike,8.191666666666666,81.91666666666666,725.5
662,31313,30.0,25.383333333333333,bike,4.616666666666667,15.388888888888891,1240.4
701,31314,30.0,28.383333333333333,bike,1.6166666666666671,5.38888888888889,976.8
782,31500,30.0,42.61666666666667,bike,12.616666666666667,42.05555555555556,2181.4
42,31896,10.0,2.5166666666666666,bike,7.483333333333333,74.83333333333333,164.9
29,31897,10.0,2.2,bike,7.8,78.0,197.9
263,31947,10.0,8.983333333333334,bike,1.0166666666666657,10.166666666666657,346.7
212,31948,15.0,7.591666666666667,bike,7.408333333333333,49.388888888888886,327.4
695,32019,60.0,28.083333333333332,bike,31.916666666666668,53.19444444444444,1831.1
764,32020,50.0,38.68333333333333,bike,11.31666666666667,22.63333333333334,1797.7
279,32283,20.0,9.433333333333334,bike,10.566666666666666,52.83333333333333,784.2
300,32284,30.0,10.058333333333334,bike,19.941666666666666,66.47222222222223,744.0
23,32378,5.0,1.9,bike,3.1,62.0,124.0
59,32379,5.0,3.066666666666667,bike,1.9333333333333331,38.66666666666666,154.1
32,32380,10.0,2.25,bike,7.75,77.5,160.8
120,32439,20.0,5.216666666666667,bike,14.783333333333333,73.91666666666666,279.7
198,32440,20.0,7.266666666666667,bike,12.733333333333334,63.66666666666667,256.4
734,32589,45.0,32.44166666666666,bike,12.558333333333337,27.907407407407415,1536.3
606,32592,55.0,21.65833333333333,bike,33.34166666666667,60.62121212121212,1664.1
423,32640,20.0,13.6,bike,6.4,32.0,890.1
425,32641,20.0,13.675,bike,6.324999999999999,31.624999999999996,778.6
560,32744,30.0,19.0,bike,11.0,36.666666666666664,685.9
582,32747,25.0,20.083333333333332,bike,4.916666666666668,19.66666666666667,716.9
544,33092,40.0,18.016666666666666,bike,21.983333333333334,54.95833333333333,1360.6
625,33093,45.0,22.75,bike,22.25,49.44444444444444,1382.6
254,33174,15.0,8.7,bike,6.300000000000001,42.00000000000001,877.4
466,33175,15.0,15.05,bike,0.05000000000000071,0.3333333333333381,862.0
554,33207,20.0,18.71666666666667,bike,1.2833333333333314,6.416666666666656,1365.2
569,33208,20.0,19.4,bike,0.6000000000000014,3.000000000000007,1405.3
40,33209,4.0,2.45,bike,1.5499999999999998,38.74999999999999,101.3
57,33210,4.0,3.0166666666666666,bike,0.9833333333333334,24.583333333333336,101.3
349,33360,20.0,10.983333333333334,bike,9.016666666666666,45.08333333333333,591.5
252,33361,20.0,8.658333333333333,bike,11.341666666666667,56.708333333333336,499.8
184,33369,5.0,7.008333333333333,bike,2.008333333333333,40.16666666666666,289.4
169,33370,5.0,6.741666666666667,bike,1.7416666666666671,34.83333333333334,312.5
211,33371,5.0,7.574999999999999,bike,2.5749999999999993,51.49999999999999,289.4
255,33372,5.0,8.716666666666667,bike,3.716666666666667,74.33333333333334,312.5
250,33403,15.0,8.575,bike,6.425000000000001,42.83333333333334,344.2
344,33404,15.0,10.899999999999999,bike,4.100000000000001,27.333333333333343,530.0
383,33501,20.0,12.183333333333334,bike,7.816666666666666,39.08333333333333,601.4
415,33504,20.0,13.4,bike,6.6,32.99999999999999,584.9
440,33505,20.0,14.1,bike,5.9,29.500000000000004,601.4
293,33506,20.0,9.816666666666666,bike,10.183333333333334,50.916666666666664,584.9
367,33513,15.0,11.675,bike,3.3249999999999993,22.16666666666666,664.0
429,33517,15.0,13.791666666666668,bike,1.2083333333333321,8.055555555555548,654.0
316,33534,15.0,10.4,bike,4.6,30.666666666666664,463.4
236,33535,15.0,8.274999999999999,bike,6.725000000000001,44.83333333333334,406.4
18,33536,5.0,1.8083333333333333,bike,3.1916666666666664,63.83333333333333,103.4
25,33537,5.0,1.9583333333333333,bike,3.041666666666667,60.83333333333334,207.0
119,33688,20.0,5.208333333333334,bike,14.791666666666666,73.95833333333333,231.2
104,33689,15.0,4.875,bike,10.125,67.5,253.9
589,33999,20.0,20.666666666666668,bike,0.6666666666666679,3.3333333333333397,911.1
635,34000,15.0,23.366666666666667,bike,8.366666666666667,55.77777777777778,935.0
148,34003,15.0,6.191666666666666,bike,8.808333333333334,58.72222222222222,806.6
459,34004,20.0,14.891666666666666,bike,5.108333333333334,25.541666666666675,294.1
588,34012,30.0,20.65833333333333,bike,9.341666666666669,31.138888888888893,937.2
537,34013,30.0,17.78333333333333,bike,12.216666666666669,40.72222222222223,949.0
681,34020,40.0,26.991666666666667,bike,13.008333333333333,32.52083333333333,1101.7
517,34021,40.0,16.891666666666666,bike,23.108333333333334,57.770833333333336,936.2
642,34047,25.0,23.566666666666666,bike,1.4333333333333336,5.733333333333334,1081.4
713,34048,25.0,29.4,bike,4.399999999999999,17.599999999999994,1093.5
714,34049,30.0,29.516666666666666,bike,0.4833333333333343,1.6111111111111143,1553.2
689,34052,30.0,27.683333333333334,bike,2.3166666666666664,7.722222222222222,1443.3
360,34086,10.0,11.508333333333333,bike,1.5083333333333329,15.083333333333329,423.0
144,34087,15.0,6.075,bike,8.925,59.50000000000001,452.8
79,34130,15.0,3.9833333333333334,bike,11.016666666666666,73.44444444444443,373.9
130,34131,15.0,5.65,bike,9.35,62.33333333333333,341.0
543,34167,40.0,17.95,bike,22.05,55.125,1204.0
621,34205,40.0,22.616666666666667,bike,17.383333333333333,43.45833333333333,1780.0
628,34206,40.0,22.983333333333334,bike,17.016666666666666,42.541666666666664,1750.0
312,34254,10.0,10.3,bike,0.3000000000000007,3.000000000000007,291.9
80,34255,10.0,4.033333333333333,bike,5.966666666666667,59.66666666666667,321.1
111,34256,10.0,5.016666666666667,bike,4.983333333333333,49.833333333333336,291.9
214,34257,13.0,7.616666666666666,bike,5.383333333333334,41.410256410256416,321.1
314,34258,10.0,10.366666666666667,bike,0.36666666666666714,3.6666666666666714,291.9
231,34259,13.0,8.133333333333333,bike,4.866666666666667,37.435897435897445,321.1
721,34266,30.0,30.191666666666666,bike,0.19166666666666643,0.6388888888888881,1332.9
623,34267,30.0,22.683333333333334,bike,7.316666666666666,24.38888888888889,1263.1
321,34270,25.0,10.458333333333332,bike,14.541666666666668,58.166666666666664,624.1
391,34273,25.0,12.35,bike,12.65,50.6,585.8
177,34367,10.0,6.883333333333334,bike,3.1166666666666663,31.166666666666664,434.5
124,34368,10.0,5.416666666666667,bike,4.583333333333333,45.83333333333333,419.0
317,34384,15.0,10.4,bike,4.6,30.666666666666664,727.8
528,34385,15.0,17.3,bike,2.3000000000000007,15.333333333333337,593.4
601,34386,25.0,21.383333333333333,bike,3.616666666666667,14.466666666666669,951.5
386,34387,30.0,12.266666666666666,bike,17.733333333333334,59.111111111111114,769.0
186,34456,10.0,7.1,bike,2.9000000000000004,29.000000000000004,297.6
146,34459,10.0,6.116666666666667,bike,3.883333333333333,38.83333333333333,241.4
287,34610,20.0,9.658333333333333,bike,10.341666666666667,51.708333333333336,328.8
285,34611,20.0,9.616666666666667,bike,10.383333333333333,51.916666666666664,312.5
553,34631,20.0,18.683333333333334,bike,1.3166666666666664,6.583333333333333,1127.3
491,34632,20.0,15.883333333333333,bike,4.116666666666667,20.583333333333336,1029.2
677,34669,30.0,26.566666666666666,bike,3.4333333333333336,11.444444444444445,1313.9
673,34670,30.0,26.5,bike,3.5,11.666666666666666,1290.7
215,34789,5.0,7.625,bike,2.625,52.5,223.0
195,34790,5.0,7.216666666666667,bike,2.216666666666667,44.333333333333336,144.7
180,34791,5.0,6.941666666666666,bike,1.9416666666666664,38.83333333333333,223.0
178,34792,5.0,6.925000000000001,bike,1.9250000000000007,38.500000000000014,144.7
736,35942,30.0,33.0,bike,3.0,10.0,2037.2
690,35943,30.0,27.766666666666666,bike,2.2333333333333343,7.444444444444448,2026.9
743,35944,30.0,34.31666666666667,bike,4.31666666666667,14.388888888888902,1260.3
602,35945,30.0,21.4,bike,8.600000000000001,28.666666666666675,1265.7
74,36452,20.0,3.8666666666666667,bike,16.133333333333333,80.66666666666666,175.3
67,36453,20.0,3.716666666666667,bike,16.28333333333333,81.41666666666666,294.1
71,36927,9.0,3.8,bike,5.2,57.777777777777786,342.6
109,36928,10.0,4.95,bike,5.05,50.5,419.0
523,37521,15.0,17.016666666666666,bike,2.0166666666666657,13.44444444444444,543.9
499,37524,15.0,16.166666666666668,bike,1.1666666666666679,7.777777777777787,543.6
613,37529,17.0,21.95,bike,4.949999999999999,29.117647058823525,629.5
596,37532,17.0,21.0,bike,4.0,23.52941176470588,637.3
21,37651,5.0,1.875,bike,3.125,62.5,110.3
9,37652,5.0,1.2166666666666668,bike,3.783333333333333,75.66666666666666,70.7
664,37663,40.0,25.516666666666666,bike,14.483333333333334,36.208333333333336,1434.4
591,37664,35.0,20.733333333333334,bike,14.266666666666666,40.76190476190476,1189.9
5,37705,5.0,0.75,bike,4.25,85.0,36.6
260,37706,20.0,8.941666666666666,bike,11.058333333333334,55.29166666666667,581.7
303,37707,20.0,10.133333333333333,bike,9.866666666666667,49.333333333333336,463.8
503,37737,30.0,16.475,bike,13.524999999999999,45.08333333333333,914.3
72,37738,10.0,3.8083333333333336,bike,6.191666666666666,61.916666666666664,218.1
433,37739,25.0,13.95,bike,11.05,44.2,808.3
570,37823,30.0,19.5,bike,10.5,35.0,1492.3
532,37826,45.0,17.4,bike,27.6,61.33333333333334,1529.9
581,37843,30.0,20.05,bike,9.95,33.166666666666664,1549.3
487,37846,15.0,15.708333333333334,bike,0.7083333333333339,4.722222222222226,949.5
513,37847,15.0,16.758333333333333,bike,1.7583333333333329,11.722222222222218,885.6
244,37848,20.0,8.466666666666667,bike,11.533333333333333,57.666666666666664,685.7
202,37849,15.0,7.316666666666666,bike,7.683333333333334,51.22222222222222,330.6
374,37852,20.0,11.866666666666667,bike,8.133333333333333,40.666666666666664,741.1
456,37853,20.0,14.591666666666667,bike,5.408333333333333,27.041666666666664,868.0
747,38843,40.0,35.31666666666667,bike,4.68333333333333,11.708333333333325,1042.2
753,38846,40.0,36.56666666666667,bike,3.43333333333333,8.583333333333325,1068.0
420,39171,15.0,13.566666666666666,bike,1.4333333333333336,9.555555555555557,434.5
640,39172,30.0,23.516666666666666,bike,6.483333333333334,21.611111111111114,591.3
389,39178,15.0,12.333333333333334,bike,2.666666666666666,17.77777777777777,366.6
405,39181,15.0,13.0,bike,2.0,13.333333333333334,385.4
413,39329,20.0,13.383333333333333,bike,6.616666666666667,33.083333333333336,848.9
485,39330,20.0,15.683333333333334,bike,4.316666666666666,21.583333333333332,808.9
665,39357,20.0,25.666666666666664,bike,5.666666666666664,28.33333333333332,734.3
574,39358,20.0,19.90833333333333,bike,0.09166666666666856,0.4583333333333428,721.4
830,39534,60.0,82.34166666666667,bike,22.34166666666667,37.236111111111114,2481.1
825,39537,60.0,70.29166666666666,bike,10.291666666666657,17.15277777777776,2451.6
268,39543,10.0,9.066666666666666,bike,0.9333333333333336,9.333333333333336,347.4
308,39544,8.0,10.2,bike,2.1999999999999993,27.499999999999993,484.3
458,39740,20.0,14.716666666666667,bike,5.283333333333333,26.416666666666664,802.9
502,39741,30.0,16.366666666666667,bike,13.633333333333333,45.44444444444444,890.4
608,39742,50.0,21.766666666666666,bike,28.233333333333334,56.46666666666667,1250.4
700,39743,40.0,28.266666666666666,bike,11.733333333333334,29.333333333333332,1598.4
235,39938,12.0,8.183333333333334,bike,3.8166666666666664,31.805555555555554,277.3
163,39939,15.0,6.616666666666666,bike,8.383333333333333,55.888888888888886,225.8
484,39953,10.0,15.666666666666666,bike,5.666666666666666,56.666666666666664,534.6
398,39956,10.0,12.733333333333333,bike,2.7333333333333325,27.333333333333325,541.2
365,40048,20.0,11.616666666666667,bike,8.383333333333333,41.916666666666664,882.9
357,40049,20.0,11.283333333333333,bike,8.716666666666667,43.583333333333336,783.5
162,40467,15.0,6.583333333333334,bike,8.416666666666666,56.111111111111114,556.2
183,40468,15.0,7.0,bike,8.0,53.333333333333336,461.6
680,40570,30.0,26.925,bike,3.0749999999999993,10.249999999999998,1766.5
565,40571,40.0,19.291666666666668,bike,20.708333333333332,51.770833333333336,1582.4
264,40810,10.0,9.0,bike,1.0,10.0,260.5
181,40811,10.0,6.958333333333334,bike,3.041666666666666,30.416666666666657,286.9
265,40819,10.0,9.0,bike,1.0,10.0,260.5
597,41352,20.0,21.033333333333335,bike,1.033333333333335,5.166666666666675,579.9
627,41355,20.0,22.816666666666666,bike,2.8166666666666664,14.08333333333333,577.5
353,41491,10.0,11.166666666666666,bike,1.166666666666666,11.66666666666666,448.5
445,41492,10.0,14.183333333333334,bike,4.183333333333334,41.833333333333336,430.8
129,41517,15.0,5.616666666666666,bike,9.383333333333333,62.55555555555555,224.4
95,41518,15.0,4.566666666666666,bike,10.433333333333334,69.55555555555556,164.1
514,41544,15.0,16.791666666666664,bike,1.7916666666666643,11.944444444444429,883.9
460,41545,30.0,14.9,bike,15.1,50.33333333333333,879.2
400,41668,45.0,12.783333333333333,bike,32.21666666666667,71.5925925925926,602.4
396,41669,30.0,12.65,bike,17.35,57.833333333333336,595.0
654,41700,30.0,24.533333333333335,bike,5.466666666666665,18.222222222222218,1343.7
688,41701,30.0,27.683333333333334,bike,2.3166666666666664,7.722222222222222,1406.5
603,42145,10.0,21.450000000000003,bike,11.450000000000003,114.50000000000003,973.7
539,42146,10.0,17.8,bike,7.800000000000001,78.0,903.9
399,42401,20.0,12.75,bike,7.25,36.25,917.3
401,42404,20.0,12.783333333333333,bike,7.216666666666667,36.083333333333336,976.1
590,42566,30.0,20.68333333333333,bike,9.31666666666667,31.055555555555564,1560.4
616,42567,30.0,22.241666666666667,bike,7.758333333333333,25.861111111111107,1484.6
563,42651,15.0,19.15,bike,4.149999999999999,27.666666666666657,1267.3
540,42652,15.0,17.816666666666666,bike,2.8166666666666664,18.777777777777775,1220.4
290,42688,15.0,9.758333333333333,bike,5.241666666666667,34.94444444444445,626.6
273,42689,15.0,9.149999999999999,bike,5.850000000000001,39.00000000000001,730.1
533,43332,10.0,17.5,bike,7.5,75.0,499.8
550,43333,12.0,18.483333333333334,bike,6.483333333333334,54.027777777777786,445.3
636,43334,15.0,23.4,bike,8.399999999999999,55.99999999999999,701.4
652,43335,16.0,24.366666666666667,bike,8.366666666666667,52.29166666666667,743.2
726,44040,30.0,31.21666666666667,bike,1.2166666666666686,4.055555555555562,992.3
228,45344,15.0,8.05,bike,6.949999999999999,46.33333333333333,496.4
206,45345,15.0,7.4,bike,7.6,50.66666666666666,499.9
233,45346,15.0,8.15,bike,6.85,45.666666666666664,496.4
219,45347,15.0,7.791666666666666,bike,7.208333333333334,48.05555555555556,499.9
93,45791,10.0,4.508333333333333,bike,5.491666666666667,54.91666666666667,330.3
105,45792,20.0,4.916666666666667,bike,15.083333333333332,75.41666666666667,330.3
121,45793,10.0,5.35,bike,4.65,46.5,330.3
82,45794,20.0,4.041666666666666,bike,15.958333333333334,79.79166666666667,330.3
435,46299,40.0,14.05,bike,25.95,64.875,1115.8
442,46300,50.0,14.133333333333333,bike,35.86666666666667,71.73333333333333,1154.5
58,46384,10.0,3.033333333333333,bike,6.966666666666667,69.66666666666667,182.5
6,46385,10.0,0.75,bike,9.25,92.5,182.5
61,46386,10.0,3.1166666666666667,bike,6.883333333333333,68.83333333333333,182.5
2,46387,10.0,0.6833333333333333,bike,9.316666666666666,93.16666666666666,182.5
718,46429,40.0,29.741666666666667,bike,10.258333333333333,25.645833333333336,2110.5
745,46430,40.0,35.224999999999994,bike,4.775000000000006,11.937500000000014,2231.5
324,46481,20.0,10.491666666666667,bike,9.508333333333333,47.541666666666664,557.6
369,46482,30.0,11.75,bike,18.25,60.83333333333333,601.9
311,46497,10.0,10.283333333333333,bike,0.2833333333333332,2.833333333333332,325.6
173,46498,10.0,6.833333333333333,bike,3.166666666666667,31.66666666666667,496.0
437,46525,10.0,14.058333333333334,bike,4.058333333333334,40.583333333333336,325.6
222,46526,10.0,7.833333333333333,bike,2.166666666666667,21.66666666666667,496.0
366,46527,10.0,11.641666666666666,bike,1.6416666666666657,16.416666666666657,325.6
227,46528,10.0,8.016666666666666,bike,1.9833333333333343,19.833333333333343,496.0
175,46891,10.0,6.866666666666666,bike,3.1333333333333337,31.333333333333336,466.6
159,46892,15.0,6.566666666666666,bike,8.433333333333334,56.22222222222223,390.9
760,47871,10.0,38.31666666666667,bike,28.31666666666667,283.1666666666667,206.4
757,47872,10.0,37.1,bike,27.1,271.0,215.6
577,47898,10.0,19.966666666666665,bike,9.966666666666665,99.66666666666664,540.4
697,47899,15.0,28.183333333333334,bike,13.183333333333334,87.8888888888889,500.1
767,51370,30.0,39.21666666666667,bike,9.216666666666669,30.72222222222223,1544.0
790,51371,80.0,46.13333333333333,bike,33.86666666666667,42.333333333333336,1611.1
763,52236,20.0,38.61666666666667,bike,18.616666666666667,93.08333333333334,1365.6
738,52237,20.0,33.3,bike,13.299999999999997,66.49999999999999,1316.3
30,52727,5.0,2.2,bike,2.8,55.99999999999999,130.5
304,52728,5.0,10.133333333333333,bike,5.133333333333333,102.66666666666666,750.8
826,52875,90.0,70.68333333333334,bike,19.316666666666663,21.46296296296296,1654.2
808,52876,70.0,55.93333333333333,bike,14.06666666666667,20.0952380952381,1575.8
225,52877,10.0,7.983333333333333,bike,2.0166666666666666,20.166666666666664,210.8
363,52878,10.0,11.583333333333334,bike,1.583333333333334,15.833333333333337,430.3
63,52879,10.0,3.3666666666666667,bike,6.633333333333333,66.33333333333333,116.4
84,53643,8.0,4.15,bike,3.8499999999999996,48.12499999999999,319.9
126,53644,7.0,5.516666666666667,bike,1.4833333333333334,21.19047619047619,418.8
45,53960,10.0,2.6,bike,7.4,74.0,201.3
43,53961,10.0,2.5166666666666666,bike,7.483333333333333,74.83333333333333,259.6
257,56012,15.0,8.9,bike,6.1,40.666666666666664,686.3
201,56013,15.0,7.283333333333333,bike,7.716666666666667,51.44444444444445,728.7
684,56137,15.0,27.508333333333333,bike,12.508333333333333,83.38888888888889,723.0
97,56138,5.0,4.65,bike,0.34999999999999964,6.999999999999992,213.3
643,56139,15.0,23.625,bike,8.625,57.49999999999999,561.6
813,56182,70.0,58.483333333333334,bike,11.516666666666666,16.452380952380953,2185.4
818,56183,55.0,60.56666666666667,bike,5.56666666666667,10.121212121212126,1989.9
166,56861,40.0,6.7,bike,33.3,83.24999999999999,1002.7
168,56862,30.0,6.7,bike,23.3,77.66666666666667,923.6
699,56932,30.0,28.2,bike,1.8000000000000007,6.000000000000003,752.8
723,56933,30.0,30.466666666666665,bike,0.466666666666665,1.55555555555555,759.9
822,59259,45.0,66.58333333333333,bike,21.58333333333333,47.962962962962955,2606.9
809,59260,50.0,56.016666666666666,bike,6.016666666666666,12.033333333333331,2469.1
338,59516,20.0,10.783333333333333,bike,9.216666666666667,46.08333333333333,525.7
403,59517,20.0,12.883333333333333,bike,7.116666666666667,35.583333333333336,527.2
797,60640,50.0,47.99166666666667,bike,2.008333333333333,4.016666666666666,2336.5
801,60641,50.0,52.53333333333333,bike,2.5333333333333314,5.066666666666663,2338.4
702,60963,15.0,28.466666666666665,bike,13.466666666666665,89.77777777777777,602.3
720,60964,15.0,30.183333333333334,bike,15.183333333333334,101.22222222222221,599.2
319,61690,10.0,10.416666666666666,bike,0.4166666666666661,4.166666666666661,244.1
315,61691,10.0,10.4,bike,0.40000000000000036,4.0000000000000036,244.1
213,61715,10.0,7.616666666666666,bike,2.3833333333333337,23.833333333333336,280.7
224,61716,10.0,7.983333333333333,bike,2.0166666666666666,20.166666666666664,280.7
306,61720,5.0,10.183333333333334,bike,5.183333333333334,103.66666666666666,294.4
305,61721,5.0,10.15,bike,5.15,103.0,280.7
307,61722,5.0,10.183333333333334,bike,5.183333333333334,103.66666666666666,294.4
302,61723,5.0,10.116666666666667,bike,5.116666666666667,102.33333333333334,280.7
611,61741,20.0,21.916666666666668,bike,1.9166666666666679,9.58333333333334,682.0
587,61742,20.0,20.6,bike,0.6000000000000014,3.000000000000007,667.3
656,61759,15.0,24.766666666666666,bike,9.766666666666666,65.11111111111111,665.9
626,61760,15.0,22.8,bike,7.800000000000001,52.0,918.0
557,61781,10.0,18.85,bike,8.850000000000001,88.50000000000001,451.8
492,61782,10.0,15.916666666666666,bike,5.916666666666666,59.16666666666666,426.4
428,61783,10.0,13.783333333333333,bike,3.783333333333333,37.83333333333333,398.0
494,61784,10.0,15.966666666666667,bike,5.966666666666667,59.66666666666667,398.0
724,62143,30.0,30.633333333333333,bike,0.6333333333333329,2.1111111111111094,1025.9
692,62144,30.0,27.933333333333334,bike,2.0666666666666664,6.8888888888888875,952.9
595,62341,15.0,21.0,bike,6.0,40.0,718.2
584,62342,20.0,20.166666666666668,bike,0.16666666666666785,0.8333333333333393,760.0
262,62343,7.0,8.966666666666667,bike,1.9666666666666668,28.095238095238095,244.3
196,62344,7.0,7.216666666666667,bike,0.21666666666666679,3.095238095238097,221.1
261,62345,7.0,8.966666666666667,bike,1.9666666666666668,28.095238095238095,244.3
164,62714,10.0,6.633333333333334,bike,3.3666666666666663,33.666666666666664,272.1
216,62715,10.0,7.683333333333334,bike,2.3166666666666664,23.166666666666664,284.5
158,62716,10.0,6.516666666666667,bike,3.4833333333333334,34.833333333333336,268.2
243,62717,10.0,8.433333333333334,bike,1.5666666666666664,15.666666666666664,288.4
586,62819,7.0,20.458333333333332,bike,13.458333333333332,192.26190476190476,590.1
388,62820,7.0,12.316666666666666,bike,5.316666666666666,75.95238095238095,282.5
226,62821,10.0,8.016666666666666,bike,1.9833333333333343,19.833333333333343,606.7
427,62822,10.0,13.708333333333332,bike,3.708333333333332,37.08333333333332,833.6
147,62823,10.0,6.183333333333334,bike,3.8166666666666664,38.166666666666664,524.8
313,62824,8.0,10.341666666666667,bike,2.341666666666667,29.270833333333336,645.9
336,62829,30.0,10.733333333333333,bike,19.266666666666666,64.22222222222221,520.0
343,62830,30.0,10.866666666666667,bike,19.133333333333333,63.77777777777778,507.0
709,62887,40.0,29.033333333333335,bike,10.966666666666665,27.41666666666666,1117.1
617,62888,40.0,22.316666666666666,bike,17.683333333333334,44.208333333333336,1160.9
52,63087,10.0,2.9,bike,7.1,71.0,175.8
28,63088,10.0,2.175,bike,7.825,78.25,173.9
50,63089,10.0,2.8333333333333335,bike,7.166666666666666,71.66666666666666,175.8
37,63090,10.0,2.3833333333333333,bike,7.616666666666667,76.16666666666667,173.9
740,63181,40.0,33.766666666666666,bike,6.233333333333334,15.583333333333336,2359.1
505,64495,15.0,16.55,bike,1.5500000000000007,10.333333333333337,604.8
624,64496,10.0,22.75,bike,12.75,127.49999999999999,419.1
192,65290,20.0,7.183333333333334,bike,12.816666666666666,64.08333333333334,888.6
199,65291,20.0,7.266666666666667,bike,12.733333333333334,63.66666666666667,814.5
193,65292,20.0,7.183333333333334,bike,12.816666666666666,64.08333333333334,888.6
197,65293,20.0,7.266666666666667,bike,12.733333333333334,63.66666666666667,814.5
371,66575,18.0,11.808333333333334,bike,6.191666666666666,34.398148148148145,499.7
154,66576,19.0,6.416666666666667,bike,12.583333333333332,66.22807017543859,431.7
167,66580,10.0,6.7,bike,3.3,32.99999999999999,512.9
327,66581,9.0,10.541666666666668,bike,1.5416666666666679,17.12962962962964,418.5
384,66584,18.0,12.183333333333334,bike,5.816666666666666,32.31481481481481,499.7
358,66585,9.0,11.316666666666666,bike,2.3166666666666664,25.740740740740737,418.5
737,66671,55.0,33.016666666666666,bike,21.983333333333334,39.96969696969697,2302.2
725,66674,50.0,31.125,bike,18.875,37.75,2269.6
774,73044,30.0,40.34166666666667,bike,10.341666666666669,34.47222222222223,4000.1
771,73047,30.0,40.15833333333333,bike,10.158333333333331,33.8611111111111,3966.9
748,75785,20.0,35.333333333333336,bike,15.333333333333336,76.66666666666669,749.2
639,75786,20.0,23.5,bike,3.5,17.5,651.8
637,76732,20.0,23.483333333333334,bike,3.4833333333333343,17.41666666666667,600.3
605,76733,20.0,21.566666666666666,bike,1.5666666666666664,7.833333333333332,599.1
638,76734,20.0,23.483333333333334,bike,3.4833333333333343,17.41666666666667,600.3
604,76735,20.0,21.566666666666666,bike,1.5666666666666664,7.833333333333332,599.1
820,77519,20.0,61.7,bike,41.7,208.5,1427.3
828,77520,30.0,77.75833333333333,bike,47.758333333333326,159.19444444444443,1449.9
829,79257,60.0,79.51666666666667,bike,19.516666666666666,32.52777777777778,3452.5
823,79258,70.0,67.93333333333334,bike,2.066666666666663,2.9523809523809468,3462.5
704,83808,70.0,28.533333333333335,bike,41.46666666666667,59.23809523809525,2077.9
708,83809,65.0,28.833333333333332,bike,36.16666666666667,55.64102564102564,2176.1
493,85311,30.0,15.933333333333334,bike,14.066666666666666,46.888888888888886,1403.5
495,85312,30.0,15.983333333333333,bike,14.016666666666667,46.72222222222223,1347.2
450,86545,10.0,14.4,bike,4.4,44.00000000000001,601.0
274,86546,10.0,9.166666666666666,bike,0.8333333333333339,8.33333333333334,384.9
451,86551,10.0,14.4,bike,4.4,44.00000000000001,601.0
269,86552,12.0,9.066666666666666,bike,2.9333333333333336,24.444444444444446,384.9
449,86555,10.0,14.4,bike,4.4,44.00000000000001,601.0
275,86556,10.0,9.166666666666666,bike,0.8333333333333339,8.33333333333334,384.9
777,86744,25.0,41.35,bike,16.35,65.4,1390.9
783,86745,30.0,42.63333333333333,bike,12.633333333333333,42.11111111111111,1400.6
779,86746,50.0,41.733333333333334,bike,8.266666666666666,16.53333333333333,1277.5
352,86747,10.0,11.116666666666667,bike,1.1166666666666671,11.166666666666671,339.9
47,86748,5.0,2.65,bike,2.35,47.0,76.8
630,87052,15.0,23.066666666666666,bike,8.066666666666666,53.77777777777778,753.5
242,87053,10.0,8.433333333333334,bike,1.5666666666666664,15.666666666666664,546.9
350,87054,10.0,11.05,bike,1.0500000000000007,10.500000000000007,596.3
280,87055,10.0,9.433333333333334,bike,0.5666666666666664,5.666666666666664,584.2
629,87061,15.0,23.016666666666666,bike,8.016666666666666,53.444444444444436,753.5
416,87149,15.0,13.433333333333334,bike,1.5666666666666664,10.444444444444443,623.1
411,87150,15.0,13.3,bike,1.6999999999999993,11.333333333333329,742.8
329,87172,15.0,10.616666666666667,bike,4.383333333333333,29.22222222222222,524.8
473,87173,15.0,15.283333333333333,bike,0.2833333333333332,1.8888888888888882,799.2
361,87282,15.0,11.516666666666667,bike,3.4833333333333325,23.222222222222218,395.2
241,87283,15.0,8.4,bike,6.6,44.0,293.2
659,87334,30.0,25.066666666666666,bike,4.933333333333334,16.444444444444446,793.6
728,87335,30.0,31.35,bike,1.3500000000000014,4.500000000000004,841.3
378,87402,15.0,12.0,bike,3.0,20.0,303.5
356,87403,15.0,11.183333333333334,bike,3.8166666666666664,25.444444444444443,350.2
379,87404,15.0,12.0,bike,3.0,20.0,303.5
355,87405,15.0,11.183333333333334,bike,3.8166666666666664,25.444444444444443,350.2
150,87422,10.0,6.283333333333333,bike,3.716666666666667,37.16666666666667,187.8
666,87423,20.0,25.683333333333334,bike,5.683333333333334,28.416666666666668,847.0
579,87424,15.0,20.016666666666666,bike,5.016666666666666,33.444444444444436,770.2
188,87451,10.0,7.116666666666666,bike,2.8833333333333337,28.83333333333334,306.2
189,87452,10.0,7.116666666666666,bike,2.8833333333333337,28.83333333333334,306.2
339,88157,10.0,10.783333333333333,bike,0.7833333333333332,7.833333333333332,387.8
373,88158,10.0,11.85,bike,1.8499999999999996,18.499999999999996,449.1
170,90187,12.0,6.766666666666667,bike,5.233333333333333,43.611111111111114,407.9
65,90188,13.0,3.6333333333333333,bike,9.366666666666667,72.05128205128204,233.3
359,90255,20.0,11.475,bike,8.525,42.625,607.4
172,90256,15.0,6.808333333333334,bike,8.191666666666666,54.61111111111111,360.4
114,90287,20.0,5.083333333333333,bike,14.916666666666668,74.58333333333333,366.7
88,90288,15.0,4.4,bike,10.6,70.66666666666667,259.7
467,90492,30.0,15.05,bike,14.95,49.83333333333333,729.9
331,90493,20.0,10.683333333333334,bike,9.316666666666666,46.58333333333333,744.4
506,90572,20.0,16.583333333333332,bike,3.416666666666668,17.08333333333334,1235.6
552,90573,20.0,18.633333333333333,bike,1.3666666666666671,6.833333333333336,1309.0
672,91154,30.0,26.416666666666668,bike,3.583333333333332,11.944444444444441,839.5
711,91155,30.0,29.05,bike,0.9499999999999993,3.1666666666666643,760.2
377,91163,10.0,11.966666666666667,bike,1.9666666666666668,19.666666666666668,346.6
376,91164,14.0,11.966666666666667,bike,2.033333333333333,14.523809523809522,318.9
811,91948,30.0,56.666666666666664,bike,26.666666666666664,88.88888888888889,1787.5
816,91949,50.0,60.05,bike,10.049999999999997,20.099999999999994,1914.0
259,92505,25.0,8.916666666666666,bike,16.083333333333336,64.33333333333334,214.9
258,92506,10.0,8.916666666666666,bike,1.083333333333334,10.83333333333334,214.9
744,92605,10.0,35.15,bike,25.15,251.49999999999997,985.6
756,92606,20.0,37.05,bike,17.049999999999997,85.24999999999999,1108.1
48,92898,5.0,2.683333333333333,bike,2.316666666666667,46.333333333333336,84.7
60,92899,5.0,3.1,bike,1.9,38.0,100.6
693,94690,20.0,28.016666666666666,bike,8.016666666666666,40.08333333333333,1266.1
706,94691,20.0,28.783333333333335,bike,8.783333333333335,43.91666666666668,1282.8
270,94774,15.0,9.100000000000001,bike,5.899999999999999,39.33333333333333,803.1
191,94775,15.0,7.1416666666666675,bike,7.8583333333333325,52.388888888888886,683.1
372,94776,30.0,11.808333333333334,bike,18.191666666666666,60.638888888888886,651.3
179,94779,30.0,6.933333333333334,bike,23.066666666666666,76.88888888888889,722.8
340,94802,10.0,10.791666666666668,bike,0.7916666666666679,7.9166666666666785,598.0
354,94803,15.0,11.183333333333334,bike,3.8166666666666664,25.444444444444443,719.9
395,94873,20.0,12.591666666666667,bike,7.408333333333333,37.041666666666664,786.6
455,94874,20.0,14.591666666666667,bike,5.408333333333333,27.041666666666664,709.3
217,94962,22.0,7.75,bike,14.25,64.77272727272727,584.6
220,94965,15.0,7.8,bike,7.2,48.00000000000001,570.6
230,94966,15.0,8.108333333333334,bike,6.891666666666666,45.944444444444436,584.6
190,94967,15.0,7.133333333333333,bike,7.866666666666667,52.44444444444445,570.6
792,95270,30.0,46.96666666666667,bike,16.96666666666667,56.55555555555556,1509.9
751,95273,30.0,36.108333333333334,bike,6.108333333333334,20.361111111111114,1538.0
207,95649,20.0,7.45,bike,12.55,62.75000000000001,242.3
155,95650,15.0,6.416666666666667,bike,8.583333333333332,57.22222222222222,210.6
614,96320,12.0,22.133333333333333,bike,10.133333333333333,84.44444444444444,662.7
641,96321,10.0,23.55,bike,13.55,135.5,606.2
674,97526,25.0,26.5,bike,1.5,6.0,1081.5
161,97527,5.0,6.583333333333333,bike,1.583333333333333,31.66666666666666,198.5
123,97528,5.0,5.4,bike,0.40000000000000036,8.000000000000007,253.2
806,100324,80.0,54.86666666666667,bike,25.133333333333333,31.416666666666664,4127.4
812,100325,70.0,58.36666666666667,bike,11.633333333333333,16.61904761904762,4162.0
799,107149,30.0,48.7,bike,18.700000000000003,62.33333333333334,1371.8
682,107150,20.0,27.1,bike,7.100000000000001,35.50000000000001,801.7
821,107151,40.0,65.55,bike,25.549999999999997,63.87499999999999,2153.4
832,108880,50.0,98.68333333333334,bike,48.68333333333334,97.36666666666667,2999.1
833,108881,55.0,100.8,bike,45.8,83.27272727272727,3075.9
759,113014,20.0,38.21666666666667,bike,18.21666666666667,91.08333333333334,1471.8
773,113015,20.0,40.28333333333333,bike,20.28333333333333,101.41666666666667,1516.9
776,114133,40.0,40.9,bike,0.8999999999999986,2.2499999999999964,1924.9
671,114134,35.0,26.033333333333335,bike,8.966666666666665,25.619047619047613,1895.0
478,114327,10.0,15.516666666666666,bike,5.516666666666666,55.16666666666665,421.3
482,114328,15.0,15.625,bike,0.625,4.166666666666666,415.1
479,114668,40.0,15.525,bike,24.475,61.18750000000001,2475.9
504,114669,45.0,16.5,bike,28.5,63.33333333333333,2111.1
775,115333,20.0,40.43333333333334,bike,20.433333333333337,102.1666666666667,1489.2
644,115334,20.0,23.65833333333333,bike,3.6583333333333314,18.291666666666657,1518.6
631,116117,40.0,23.183333333333334,bike,16.816666666666666,42.041666666666664,1991.8
251,116118,10.0,8.608333333333333,bike,1.3916666666666675,13.916666666666675,485.6
694,116119,25.0,28.075,bike,3.0749999999999993,12.299999999999997,1785.9
683,117131,20.0,27.4,bike,7.399999999999999,36.99999999999999,830.7
742,117132,25.0,34.166666666666664,bike,9.166666666666664,36.66666666666666,878.2
132,117641,10.0,5.683333333333334,bike,4.316666666666666,43.166666666666664,162.0
107,117644,10.0,4.95,bike,5.05,50.5,160.5
831,117672,60.0,91.24166666666667,bike,31.241666666666674,52.06944444444446,2540.8
814,117673,60.0,59.29166666666667,bike,0.7083333333333286,1.1805555555555478,2470.1
810,117676,40.0,56.3,bike,16.299999999999997,40.74999999999999,1766.2
770,117677,40.0,39.925,bike,0.07500000000000284,0.1875000000000071,1639.8
827,118422,55.0,75.86666666666666,bike,20.86666666666666,37.93939393939393,1815.5
140,118423,10.0,5.966666666666667,bike,4.033333333333333,40.33333333333333,177.8
434,118426,10.0,13.966666666666667,bike,3.966666666666667,39.666666666666664,547.0
531,121446,20.0,17.366666666666667,bike,2.633333333333333,13.166666666666666,551.9
555,121447,30.0,18.766666666666666,bike,11.233333333333334,37.44444444444445,570.5
729,122737,15.0,31.45,bike,16.45,109.66666666666667,806.3
716,122738,15.0,29.583333333333332,bike,14.583333333333332,97.22222222222221,806.3
632,123718,30.0,23.25,bike,6.75,22.5,779.0
696,123719,30.0,28.183333333333334,bike,1.8166666666666664,6.055555555555555,857.6
686,123828,25.0,27.575000000000003,bike,2.575000000000003,10.300000000000011,1812.6
717,123829,25.0,29.641666666666666,bike,4.641666666666666,18.566666666666663,1791.3
607,124353,15.0,21.758333333333333,bike,6.758333333333333,45.05555555555556,625.4
463,124354,15.0,14.933333333333334,bike,0.06666666666666643,0.44444444444444287,513.7
655,124478,25.0,24.733333333333334,bike,0.2666666666666657,1.0666666666666629,756.0
698,124479,20.0,28.2,bike,8.2,41.0,869.9
835,124487,80.0,113.95,bike,33.95,42.43750000000001,3482.8
834,124488,80.0,104.96666666666667,bike,24.96666666666667,31.20833333333334,3571.2
669,124621,30.0,25.816666666666666,bike,4.183333333333334,13.944444444444445,575.6
556,124622,30.0,18.85,bike,11.149999999999999,37.166666666666664,1002.4
323,124775,20.0,10.483333333333333,bike,9.516666666666667,47.583333333333336,609.7
385,124776,20.0,12.233333333333333,bike,7.7666666666666675,38.833333333333336,691.0
0,124869,15.0,0.4166666666666667,bike,14.583333333333334,97.22222222222221,24.4
1,124870,15.0,0.4166666666666667,bike,14.583333333333334,97.22222222222221,24.4
156,124906,15.0,6.45,bike,8.55,57.00000000000001,524.2
282,124907,15.0,9.466666666666667,bike,5.533333333333333,36.888888888888886,536.3
24,125063,5.0,1.9166666666666667,bike,3.083333333333333,61.66666666666666,329.7
452,125064,5.0,14.45,bike,9.45,189.0,343.5
414,125160,20.0,13.383333333333333,bike,6.616666666666667,33.083333333333336,716.0
345,125161,20.0,10.916666666666666,bike,9.083333333333334,45.41666666666667,862.5
83,125162,10.0,4.116666666666666,bike,5.883333333333334,58.833333333333336,188.9
397,125163,20.0,12.7,bike,7.300000000000001,36.50000000000001,857.8
719,125167,35.0,30.05,bike,4.949999999999999,14.14285714285714,1674.4
619,125168,40.0,22.55,bike,17.45,43.625,1744.0
529,125199,15.0,17.3,bike,2.3000000000000007,15.333333333333337,792.9
381,125200,20.0,12.066666666666666,bike,7.933333333333334,39.666666666666664,833.4
362,125375,10.0,11.533333333333333,bike,1.5333333333333332,15.333333333333332,702.9
289,125376,10.0,9.75,bike,0.25,2.5,556.0
234,125579,15.0,8.15,bike,6.85,45.666666666666664,617.6
387,125580,15.0,12.3,bike,2.6999999999999993,17.999999999999996,677.3
761,125648,20.0,38.516666666666666,bike,18.516666666666666,92.58333333333333,800.5
746,125649,20.0,35.266666666666666,bike,15.266666666666666,76.33333333333333,744.0
